<Driver Description="Describe the purpose of your CloudShell shell" MainClass="driver.SentryPduDriver" Name="SentryPduDriver" Version="1.0.0">
    <Layout>
        <Command Name="PowerOn" DisplayName="Power On" Tags="power" Description="Power on device">
        </Command>
        <Command Name="PowerOff" DisplayName="Power Off" Tags="power" Description="Power off device">
        </Command>
        <Command Name="PowerCycle" DisplayName="Power Cycle" Tags="power" Description="Power off, then power on device">
            <Parameters>
                <Parameter Name="delay" DisplayName="Delay" Type="String" Mandatory="False" DefaultValue="0"/>
            </Parameters>
        </Command>
        <Command Name="CallPowerOn" DisplayName="CallPowerOn" Tags="remote_powerMng,allow_shared" Description=" Call Power On device">
        </Command>
         <Command Name="CallPowerOff" DisplayName="CallPowerOff" Tags="remote_powerMng,allow_shared" Description=" Call Power Off device">
        </Command>
        <Command Name="CallPowerCycle" DisplayName="CallPowerCycle" Tags="remote_powerMng,allow_shared" Description=" Call Power Cycle device">
        </Command>
    </Layout>
</Driver>
